cores,errors
2,0.509541983
3,0.397222036
4,0.6064343879
5,1.8028051162
6,0.5167130094
7,0.6402075221
8,0.7116440454