cores,errors
2,1.500687442
3,0.9172637331
4,3.0130501383
5,9.9113281762
6,1.2370001772
7,1.112084723
8,4.6859544569