cores,errors
2,0.0504909928
3,0.8075204794
4,0.2561924751
5,1.988681647
6,1.2456784282
7,0.9355986097
8,0.5743652639