cores,errors
2,1.1217458374
3,1.8675247568
4,0.2716470632
5,2.857376242
6,2.0990344361
7,1.8753639916
8,0.7067046136