cores,errors
2,0.4425051149
3,1.0638125739
4,0.2767942689
5,2.4963750878
6,1.8743148628
7,1.6601931633
8,0.4083849498