cores,errors
2,1.89579214
3,3.2062083676
4,2.4862680382
5,4.6579212646
6,3.8011471719
7,3.7747791474
8,2.6497006738