cores,errors
2,3.6267251663
3,4.3417266367
4,7.5990036985
5,3.358459571
6,7.5472325904
7,6.721044383
8,11.5343131565