cores,errors
2,1.7018133695
3,3.0711309596
4,1.7697531437
5,6.6025763538
6,4.2147248703
7,4.4282681862
8,0.3380175793