cores,errors
2,0.3347723509
3,0.861349341
4,0.042900491
5,2.3840297286
6,1.5459118952
7,1.4239530079
8,0.0406726277